FlightID,DepartureTime,ArrivalTime,GateNo,IsDelayed,AircraftID,RouteID
1,2020-03-18 21:07:35,2020-03-19 02:37:35,E65,TRUE,AB3,68
2,2018-04-22 17:38:50,2018-04-22 23:12:50,E74,TRUE,787,185
3,2018-08-18 23:03:05,2018-08-19 03:27:05,A8,TRUE,332,127
4,2019-08-10 19:47:46,2019-08-11 00:40:46,A7,FALSE,M90,213
5,2019-08-30 21:23:47,2019-08-31 01:01:47,F85,FALSE,AT5,128
6,2018-04-15 21:34:53,2018-04-16 00:02:53,A17,TRUE,727,271
7,2019-03-29 18:15:50,2019-03-29 19:53:50,F81,TRUE,345,120
8,2020-01-22 04:40:18,2020-01-22 09:43:18,C42,TRUE,318,50
9,2018-09-11 06:39:16,2018-09-11 08:02:16,C38,FALSE,736,121
10,2018-07-20 04:12:29,2018-07-20 05:38:29,A9,TRUE,NDC,23
11,2019-10-19 21:37:30,2019-10-20 02:23:30,E73,FALSE,333,166
12,2018-05-25 04:14:32,2018-05-25 09:49:32,E72,TRUE,787,95
13,2020-03-15 22:14:57,2020-03-16 03:51:57,A8,FALSE,31N,208
14,2018-12-18 01:57:26,2018-12-18 05:20:26,C40,TRUE,734,212
15,2018-10-24 02:27:16,2018-10-24 07:53:16,F80,FALSE,738,9
16,2019-12-29 23:12:49,2019-12-30 05:04:49,A15,TRUE,M87,84
17,2019-10-02 08:18:33,2019-10-02 13:06:33,E70,TRUE,319,180
18,2018-08-02 00:46:40,2018-08-02 02:39:40,E64,TRUE,73G,127
19,2019-04-27 18:36:58,2019-04-27 20:24:58,A8,FALSE,332,154
20,2018-08-12 19:59:56,2018-08-13 01:02:56,A9,TRUE,M82,264
21,2019-03-11 00:11:49,2019-03-11 03:32:49,E64,FALSE,AT4,9
22,2020-02-27 05:51:17,2020-02-27 09:13:17,C42,TRUE,727,15
23,2019-11-12 13:46:04,2019-11-12 14:49:04,A13,TRUE,332,174
24,2020-01-23 01:00:07,2020-01-23 06:19:07,F86,TRUE,M87,45
25,2019-03-11 23:57:40,2019-03-12 01:23:40,E66,TRUE,345,133
26,2018-04-18 05:06:13,2018-04-18 07:13:13,C38,FALSE,338,133
27,2020-03-16 14:50:53,2020-03-16 16:05:53,A1,FALSE,M87,2
28,2019-08-29 05:30:27,2019-08-29 10:51:27,E71,FALSE,E75,243
29,2019-10-29 10:15:01,2019-10-29 15:02:01,C32,FALSE,D95,190
30,2018-07-25 13:48:29,2018-07-25 15:01:29,F78,TRUE,721,216
31,2019-04-30 12:48:17,2019-04-30 17:34:17,A7,FALSE,333,265
32,2020-01-23 11:20:08,2020-01-23 15:21:08,F82,TRUE,NDC,86
33,2019-10-20 07:38:08,2019-10-20 11:50:08,E65,FALSE,735,107
34,2019-07-03 21:05:04,2019-07-04 02:13:04,C42,TRUE,333,180
35,2019-08-29 22:56:33,2019-08-30 03:59:33,F78,TRUE,340,126
36,2018-08-24 06:55:48,2018-08-24 09:51:48,F80,TRUE,310,184
37,2019-09-01 11:43:41,2019-09-01 16:54:41,C40,FALSE,ATR,37
38,2018-06-12 07:52:41,2018-06-12 09:02:41,C31,FALSE,330,132
39,2018-08-11 15:36:36,2018-08-11 19:54:36,F83,FALSE,737,82
40,2019-07-17 21:02:42,2019-07-18 01:14:42,A5,FALSE,AT7,239
41,2020-01-15 18:16:38,2020-01-15 23:57:38,E68,FALSE,777,21
42,2020-04-06 10:02:21,2020-04-06 15:06:21,E68,TRUE,ATR,150
43,2018-12-09 03:04:37,2018-12-09 06:51:37,E67,FALSE,338,274
44,2020-02-13 07:03:30,2020-02-13 11:56:30,C31,TRUE,AT5,228
45,2018-05-31 17:22:23,2018-05-31 18:27:23,F80,TRUE,345,95
46,2018-05-02 12:54:47,2018-05-02 15:33:47,C31,FALSE,AT5,257
47,2018-10-09 17:48:42,2018-10-09 22:07:42,A8,TRUE,736,266
48,2018-11-04 22:09:55,2018-11-05 03:11:55,F78,TRUE,380,250
49,2019-05-26 20:43:36,2019-05-27 02:37:36,C43,FALSE,736,245
50,2020-02-20 20:37:10,2020-02-21 00:24:10,C31,FALSE,321,237
51,2019-04-09 23:06:48,2019-04-10 04:47:48,F80,FALSE,330,60
52,2019-03-07 03:04:18,2019-03-07 04:19:18,F87,TRUE,767,276
53,2018-08-05 11:20:46,2018-08-05 13:49:46,A18,FALSE,739,130
54,2018-06-03 02:29:23,2018-06-03 06:12:23,E74,TRUE,AT5,33
55,2019-09-15 14:02:53,2019-09-15 17:48:53,F90,FALSE,757,134
56,2019-08-11 18:21:17,2019-08-11 19:54:17,C33,FALSE,E95,142
57,2019-09-13 01:30:53,2019-09-13 05:50:53,F80,FALSE,E75,197
58,2018-08-12 10:49:04,2018-08-12 13:28:04,F86,FALSE,722,72
59,2018-04-21 06:25:28,2018-04-21 12:01:28,C35,TRUE,738,232
60,2018-07-01 15:49:43,2018-07-01 18:09:43,C34,TRUE,345,218
61,2020-01-13 01:57:40,2020-01-13 05:00:40,A17,FALSE,338,62
62,2018-10-28 13:19:53,2018-10-28 18:03:53,C35,TRUE,346,263
63,2018-10-16 14:16:46,2018-10-16 17:38:46,F85,FALSE,31N,231
64,2019-04-19 09:08:00,2019-04-19 14:19:00,C31,TRUE,721,180
65,2018-06-28 02:54:40,2018-06-28 04:46:40,C33,FALSE,350,170
66,2019-04-11 04:29:44,2019-04-11 09:45:44,E67,FALSE,ND2,130
67,2018-05-19 07:14:18,2018-05-19 09:40:18,F84,TRUE,73G,267
68,2018-08-10 00:36:06,2018-08-10 02:38:06,E75,FALSE,M87,153
69,2018-09-13 09:55:16,2018-09-13 13:08:16,A13,TRUE,338,255
70,2019-01-27 17:48:56,2019-01-27 21:38:56,A10,TRUE,D8L,56
71,2018-11-07 05:31:51,2018-11-07 09:46:51,C42,FALSE,332,264
72,2019-11-21 06:35:17,2019-11-21 10:21:17,C38,FALSE,CRV,253
73,2018-10-05 05:07:56,2018-10-05 07:38:56,E73,TRUE,332,190
74,2018-06-26 16:48:54,2018-06-26 20:35:54,C41,TRUE,E75,86
75,2018-04-21 13:49:30,2018-04-21 16:00:30,A5,FALSE,320,94
76,2020-02-29 07:51:39,2020-02-29 13:02:39,E70,FALSE,ND2,128
77,2018-06-16 21:28:35,2018-06-16 23:08:35,E74,TRUE,AT4,19
78,2019-01-18 14:21:10,2019-01-18 16:47:10,C36,FALSE,787,177
79,2019-10-21 17:52:24,2019-10-21 21:39:24,F80,TRUE,M90,159
80,2018-12-03 02:30:14,2018-12-03 05:37:14,F85,FALSE,E95,92
81,2019-12-28 19:45:16,2019-12-29 01:12:16,C44,TRUE,NDC,4
82,2019-06-20 12:20:56,2019-06-20 17:17:56,E62,FALSE,E95,51
83,2018-04-21 02:24:35,2018-04-21 07:54:35,E71,TRUE,CRV,252
84,2019-04-26 15:44:49,2019-04-26 20:36:49,E69,FALSE,737,35
85,2019-10-08 03:21:25,2019-10-08 08:06:25,E66,TRUE,FRJ,79
86,2019-07-01 03:09:47,2019-07-01 05:28:47,F85,FALSE,717,118
87,2020-02-09 11:07:49,2020-02-09 14:42:49,A15,FALSE,M90,98
88,2018-05-08 01:06:26,2018-05-08 04:01:26,F87,FALSE,32N,199
89,2018-12-31 10:25:54,2018-12-31 14:59:54,E65,TRUE,318,90
90,2019-05-15 04:03:21,2019-05-15 06:30:21,C35,TRUE,777,45
91,2018-10-31 08:57:04,2018-10-31 13:40:04,A4,TRUE,721,32
92,2020-01-30 17:19:15,2020-01-30 21:18:15,F90,TRUE,AT4,195
93,2018-07-20 12:13:21,2018-07-20 18:07:21,E72,FALSE,NDC,37
94,2019-09-02 21:55:50,2019-09-02 23:13:50,C35,FALSE,350,221
95,2018-09-11 08:36:35,2018-09-11 09:43:35,C33,TRUE,AT4,243
96,2020-03-06 06:25:01,2020-03-06 08:34:01,A6,TRUE,330,31
97,2019-06-25 15:55:53,2019-06-25 19:22:53,A1,TRUE,NDC,200
98,2018-10-06 01:16:02,2018-10-06 03:50:02,F84,FALSE,733,40
99,2019-07-11 04:28:34,2019-07-11 08:55:34,E67,TRUE,722,212
100,2019-08-28 04:41:00,2019-08-28 08:34:00,C38,TRUE,735,79
101,2019-02-13 01:01:17,2019-02-13 05:38:17,E67,TRUE,318,78
102,2019-01-30 03:44:00,2019-01-30 08:05:00,C32,TRUE,32Q,52
103,2019-04-27 07:44:53,2019-04-27 11:43:53,C31,FALSE,D8L,148
104,2018-08-22 04:31:01,2018-08-22 08:56:01,A8,FALSE,777,226
105,2018-06-25 13:52:46,2018-06-25 18:02:46,C31,TRUE,734,159
106,2018-10-26 07:19:20,2018-10-26 08:26:20,C37,TRUE,CRV,20
107,2019-11-20 08:27:50,2019-11-20 12:29:50,A10,TRUE,32N,236
108,2019-05-07 13:13:28,2019-05-07 16:41:28,F79,FALSE,AT4,231
109,2019-09-09 02:44:58,2019-09-09 05:10:58,C42,TRUE,319,210
110,2020-01-09 22:13:18,2020-01-10 02:51:18,F83,FALSE,338,67
111,2018-05-13 20:28:19,2018-05-13 23:09:19,E65,TRUE,332,223
112,2020-02-03 21:58:57,2020-02-04 00:10:57,F87,FALSE,M83,182
113,2018-12-08 04:51:08,2018-12-08 09:33:08,A14,FALSE,31N,155
114,2019-08-19 06:12:22,2019-08-19 11:14:22,A15,TRUE,738,237
115,2019-05-24 21:01:50,2019-05-24 23:48:50,A4,TRUE,M82,61
116,2019-03-07 02:46:33,2019-03-07 04:41:33,F81,FALSE,M88,216
117,2019-06-01 00:47:45,2019-06-01 04:19:45,C38,TRUE,320,171
118,2019-12-30 14:39:07,2019-12-30 17:52:07,A8,FALSE,31N,199
119,2019-09-07 05:51:33,2019-09-07 11:04:33,A3,FALSE,AT7,72
120,2018-08-20 09:19:26,2018-08-20 13:38:26,F77,FALSE,340,19
121,2018-06-14 21:42:49,2018-06-15 00:34:49,F78,FALSE,M81,128
122,2018-06-17 03:20:00,2018-06-17 08:38:00,C37,FALSE,343,58
123,2018-06-08 22:03:41,2018-06-09 00:51:41,C40,FALSE,787,175
124,2018-07-16 00:40:33,2018-07-16 04:22:33,F88,TRUE,319,194
125,2019-01-17 22:51:46,2019-01-18 04:20:46,A16,FALSE,318,191
126,2018-10-07 11:39:06,2018-10-07 15:00:06,E62,FALSE,380,203
127,2020-01-11 15:26:34,2020-01-11 17:43:34,E62,TRUE,310,123
128,2018-09-30 19:01:40,2018-10-01 00:42:40,A15,FALSE,31N,9
129,2019-11-16 18:59:32,2019-11-16 22:47:32,A6,FALSE,735,205
130,2018-11-20 08:29:03,2018-11-20 12:12:03,A11,TRUE,738,131
131,2018-05-03 20:07:11,2018-05-03 21:52:11,A18,FALSE,777,72
132,2019-12-02 00:20:08,2019-12-02 05:40:08,F89,TRUE,AT5,129
133,2018-11-02 02:48:59,2018-11-02 04:13:59,A5,FALSE,319,5
134,2018-11-10 04:09:52,2018-11-10 10:06:52,A18,FALSE,320,35
135,2020-03-07 06:47:58,2020-03-07 12:41:58,C33,TRUE,721,89
136,2019-08-07 00:51:13,2019-08-07 06:08:13,E74,TRUE,736,121
137,2018-07-30 14:42:52,2018-07-30 19:56:52,A12,TRUE,AT7,258
138,2018-11-02 19:27:59,2018-11-03 01:01:59,E67,TRUE,AT5,208
139,2019-11-06 15:43:07,2019-11-06 19:35:07,A4,TRUE,736,275
140,2019-04-07 17:07:48,2019-04-07 18:42:48,F79,TRUE,736,80
141,2019-02-14 22:30:08,2019-02-15 01:05:08,E66,TRUE,321,143
142,2020-01-20 02:59:17,2020-01-20 08:38:17,E62,TRUE,310,193
143,2019-10-27 15:21:43,2019-10-27 19:56:43,A5,FALSE,73G,37
144,2019-02-15 04:53:07,2019-02-15 09:36:07,C32,TRUE,767,45
145,2019-06-12 23:33:47,2019-06-13 01:52:47,A16,TRUE,FRJ,152
146,2018-11-28 09:38:49,2018-11-28 12:51:49,E68,FALSE,727,187
147,2018-11-06 12:00:32,2018-11-06 15:46:32,F79,TRUE,CRV,78
148,2019-02-24 01:00:41,2019-02-24 04:12:41,F88,TRUE,733,190
149,2020-02-05 08:55:16,2020-02-05 11:37:16,E75,TRUE,739,115
150,2018-07-29 08:39:36,2018-07-29 11:53:36,C31,FALSE,332,252
151,2020-03-12 17:50:12,2020-03-12 22:42:12,F83,TRUE,727,209
152,2018-09-22 06:45:17,2018-09-22 09:11:17,E75,TRUE,M82,155
153,2018-08-15 17:45:37,2018-08-15 23:02:37,F81,FALSE,32Q,173
154,2019-09-24 13:51:46,2019-09-24 19:17:46,C36,TRUE,AT7,60
155,2018-11-16 05:32:39,2018-11-16 11:28:39,E71,FALSE,343,192
156,2019-02-15 19:54:05,2019-02-15 21:00:05,A1,FALSE,721,257
157,2019-08-08 22:59:27,2019-08-09 03:14:27,E71,TRUE,767,137
158,2019-01-10 21:21:19,2019-01-10 23:34:19,F82,FALSE,E90,129
159,2018-12-06 22:44:36,2018-12-07 01:18:36,A15,FALSE,787,39
160,2018-09-23 06:07:12,2018-09-23 10:43:12,A9,FALSE,332,68
161,2018-06-08 17:30:48,2018-06-08 19:12:48,E72,TRUE,AB3,271
162,2019-02-06 00:17:45,2019-02-06 06:02:45,E69,FALSE,767,213
163,2019-01-21 22:54:09,2019-01-22 00:03:09,C39,FALSE,319,191
164,2018-08-29 00:02:11,2018-08-29 03:26:11,A11,FALSE,D8L,131
165,2019-05-08 07:18:53,2019-05-08 12:57:53,E74,FALSE,31N,239
166,2018-12-08 17:25:58,2018-12-08 22:44:58,C41,TRUE,318,90
167,2019-09-05 14:26:50,2019-09-05 20:13:50,C43,TRUE,32N,151
168,2020-03-16 02:34:55,2020-03-16 06:57:55,C36,FALSE,FRJ,259
169,2018-04-26 05:11:30,2018-04-26 06:30:30,F80,TRUE,M88,83
170,2018-11-30 09:10:43,2018-11-30 10:53:43,A18,FALSE,340,64
171,2019-09-03 11:47:41,2019-09-03 13:17:41,F78,FALSE,AT5,33
172,2020-04-04 09:03:00,2020-04-04 13:35:00,C33,FALSE,M82,24
173,2018-05-18 12:39:03,2018-05-18 15:32:03,A9,TRUE,32Q,218
174,2019-12-02 13:22:20,2019-12-02 18:09:20,F87,FALSE,32N,260
175,2019-02-12 19:59:36,2019-02-13 00:29:36,A5,FALSE,767,150
176,2018-11-05 14:28:22,2018-11-05 17:17:22,C38,TRUE,321,59
177,2019-05-26 16:07:52,2019-05-26 17:38:52,E67,TRUE,E95,220
178,2020-04-02 11:56:24,2020-04-02 14:39:24,C45,TRUE,777,144
179,2018-09-21 05:57:44,2018-09-21 09:21:44,F81,FALSE,737,202
180,2020-03-05 01:11:55,2020-03-05 04:15:55,F85,TRUE,73G,78
181,2019-09-29 20:48:58,2019-09-29 23:40:58,F79,FALSE,ATR,167
182,2019-12-23 18:02:06,2019-12-23 21:45:06,F86,FALSE,340,15
183,2019-02-26 13:38:01,2019-02-26 14:41:01,A9,FALSE,AT5,165
184,2019-11-17 01:36:42,2019-11-17 03:40:42,F87,TRUE,E70,207
185,2020-04-16 13:32:23,2020-04-16 17:45:23,C40,FALSE,32Q,157
186,2018-04-14 07:29:47,2018-04-14 12:09:47,F85,FALSE,AT5,130
187,2019-09-23 09:47:26,2019-09-23 11:16:26,F77,TRUE,333,182
188,2019-04-15 21:54:10,2019-04-16 00:15:10,C36,FALSE,31N,145
189,2019-06-28 10:27:21,2019-06-28 11:55:21,F77,FALSE,32Q,207
190,2018-05-26 12:42:16,2018-05-26 15:30:16,A7,FALSE,M88,24
191,2019-03-09 18:17:49,2019-03-10 00:02:49,A8,TRUE,338,85
192,2018-11-06 18:17:35,2018-11-06 20:29:35,F90,TRUE,M87,192
193,2019-02-25 22:19:14,2019-02-26 02:03:14,F82,TRUE,AT4,209
194,2019-07-30 11:11:45,2019-07-30 16:13:45,A6,FALSE,722,273
195,2020-03-26 09:04:26,2020-03-26 13:11:26,F90,FALSE,343,156
196,2019-12-17 02:47:16,2019-12-17 06:13:16,C33,TRUE,NDC,145
197,2018-07-04 09:26:37,2018-07-04 13:50:37,A5,TRUE,FRJ,239
198,2018-08-08 01:29:12,2018-08-08 06:08:12,C34,FALSE,M90,235
199,2019-01-23 02:44:33,2019-01-23 04:26:33,A5,TRUE,M83,258
200,2020-03-15 03:47:24,2020-03-15 07:18:24,F87,TRUE,380,212
201,2018-04-25 22:40:53,2018-04-26 03:58:53,A5,FALSE,M90,217
202,2019-03-21 17:15:29,2019-03-21 21:52:29,A12,TRUE,340,183
203,2019-07-17 20:59:03,2019-07-18 01:24:03,F80,TRUE,343,224
204,2019-03-27 07:05:28,2019-03-27 08:08:28,C30,TRUE,31N,25
205,2018-04-22 08:31:03,2018-04-22 13:52:03,F87,FALSE,M88,185
206,2019-04-07 23:31:35,2019-04-08 00:50:35,A14,TRUE,31N,183
207,2018-06-24 10:59:04,2018-06-24 16:09:04,A8,TRUE,732,109
208,2018-10-07 10:57:18,2018-10-07 16:22:18,F77,TRUE,767,142
209,2020-01-23 05:53:12,2020-01-23 08:09:12,C30,FALSE,32Q,273
210,2018-12-27 02:35:31,2018-12-27 07:13:31,A15,FALSE,787,101
211,2018-06-23 16:24:55,2018-06-23 20:34:55,A6,TRUE,735,33
212,2019-01-12 13:26:19,2019-01-12 16:33:19,F89,TRUE,757,9
213,2018-09-14 12:05:28,2018-09-14 16:04:28,A3,TRUE,ATR,136
214,2018-12-26 12:58:28,2018-12-26 15:45:28,E71,TRUE,340,44
215,2018-06-26 04:15:14,2018-06-26 07:02:14,E71,TRUE,M83,160
216,2019-09-02 07:08:38,2019-09-02 13:07:38,E68,TRUE,736,198
217,2019-08-11 14:41:27,2019-08-11 15:48:27,F84,TRUE,747,194
218,2018-06-18 04:30:20,2018-06-18 08:50:20,C31,FALSE,350,255
219,2018-12-28 09:56:32,2018-12-28 11:53:32,E71,FALSE,E95,9
220,2019-08-04 16:23:26,2019-08-04 17:53:26,A9,FALSE,M90,193
221,2020-04-11 15:44:02,2020-04-11 20:51:02,F78,TRUE,721,119
222,2018-09-22 01:51:16,2018-09-22 03:58:16,C30,TRUE,31N,144
223,2019-09-06 00:51:26,2019-09-06 03:15:26,A12,TRUE,733,203
224,2019-05-18 08:14:37,2019-05-18 12:10:37,C41,FALSE,310,47
225,2019-01-10 21:48:27,2019-01-11 03:28:27,E70,FALSE,739,19
226,2018-12-20 08:45:23,2018-12-20 10:00:23,C35,TRUE,319,91
227,2019-12-23 22:46:29,2019-12-24 04:27:29,C33,TRUE,717,44
228,2020-01-19 15:15:23,2020-01-19 18:54:23,C41,FALSE,31N,29
229,2019-09-14 21:46:34,2019-09-15 00:23:34,C41,TRUE,AB3,25
230,2020-03-31 15:52:01,2020-03-31 17:55:01,A18,FALSE,735,241
231,2018-05-25 18:56:31,2018-05-25 22:04:31,C37,FALSE,380,271
232,2019-09-08 18:23:47,2019-09-08 23:30:47,A7,TRUE,380,209
233,2018-08-23 13:08:56,2018-08-23 14:09:56,C36,TRUE,767,267
234,2018-11-08 11:49:09,2018-11-08 17:17:09,C40,FALSE,32N,87
235,2018-09-07 04:27:10,2018-09-07 05:40:10,F83,FALSE,73G,196
236,2018-06-29 16:46:59,2018-06-29 18:33:59,A16,TRUE,736,11
237,2019-11-04 20:06:11,2019-11-04 22:19:11,C43,FALSE,737,147
238,2020-04-02 03:55:02,2020-04-02 07:10:02,E71,TRUE,318,149
239,2019-09-21 01:01:39,2019-09-21 02:17:39,C43,TRUE,M82,219
240,2018-04-30 13:18:09,2018-04-30 15:40:09,C40,FALSE,735,195
241,2019-10-06 12:53:02,2019-10-06 18:13:02,C36,FALSE,738,159
242,2019-04-25 03:03:31,2019-04-25 08:47:31,A15,FALSE,CRV,171
243,2020-03-12 01:44:42,2020-03-12 03:52:42,A4,FALSE,717,187
244,2019-01-16 23:17:12,2019-01-17 00:31:12,A10,TRUE,ND2,251
245,2019-11-11 02:02:19,2019-11-11 03:12:19,C42,FALSE,ND2,53
246,2019-10-17 20:03:00,2019-10-17 21:09:00,A6,FALSE,767,102
247,2018-11-06 09:12:15,2018-11-06 11:52:15,A10,FALSE,733,122
248,2018-08-28 16:44:23,2018-08-28 19:23:23,E67,TRUE,E70,273
249,2018-09-10 05:50:14,2018-09-10 07:04:14,C37,FALSE,E75,254
250,2018-06-13 04:50:29,2018-06-13 08:38:29,F80,FALSE,739,81
251,2020-01-21 11:45:56,2020-01-21 13:02:56,E72,TRUE,380,11
252,2018-09-12 10:47:48,2018-09-12 13:03:48,F85,FALSE,AT7,145
253,2019-10-07 13:01:18,2019-10-07 14:42:18,A1,FALSE,777,87
254,2018-06-18 23:08:07,2018-06-19 02:23:07,A1,TRUE,32Q,219
255,2019-06-18 12:17:54,2019-06-18 13:35:54,C33,FALSE,E75,69
256,2018-06-03 23:45:50,2018-06-04 02:21:50,E71,TRUE,738,70
257,2018-12-05 22:23:44,2018-12-06 02:06:44,A12,TRUE,732,27
258,2020-03-11 19:36:44,2020-03-12 00:15:44,C33,FALSE,AT5,249
259,2019-07-20 19:42:44,2019-07-20 23:48:44,F90,FALSE,318,243
260,2020-04-15 21:03:47,2020-04-15 22:14:47,F90,TRUE,AB3,225
261,2019-12-11 08:14:28,2019-12-11 12:39:28,E69,FALSE,380,270
262,2018-08-11 17:18:39,2018-08-11 20:34:39,A17,TRUE,342,225
263,2018-09-16 08:03:38,2018-09-16 09:44:38,A4,FALSE,M81,270
264,2018-12-09 08:56:02,2018-12-09 14:05:02,C40,TRUE,M81,121
265,2018-10-03 13:48:28,2018-10-03 19:46:28,F90,TRUE,333,44
266,2019-03-13 09:30:26,2019-03-13 14:37:26,F78,TRUE,E75,264
267,2018-10-01 08:44:30,2018-10-01 12:53:30,F83,FALSE,32N,165
268,2019-02-17 22:34:14,2019-02-18 01:41:14,C35,TRUE,M88,216
269,2018-11-05 10:38:16,2018-11-05 14:58:16,C34,FALSE,739,230
270,2019-12-23 06:02:26,2019-12-23 11:35:26,A3,TRUE,338,77
271,2019-11-13 13:18:44,2019-11-13 16:43:44,A12,FALSE,AT4,35
272,2019-12-19 15:05:17,2019-12-19 17:50:17,A1,FALSE,D95,2
273,2020-04-08 08:25:49,2020-04-08 13:54:49,A4,FALSE,73G,207
274,2019-09-18 13:31:49,2019-09-18 18:49:49,A8,TRUE,346,231
275,2019-07-16 10:57:09,2019-07-16 14:18:09,F90,TRUE,342,237
276,2019-08-19 04:43:22,2019-08-19 06:31:22,C37,TRUE,AT7,107
277,2020-01-23 11:39:21,2020-01-23 13:35:21,F85,FALSE,AB3,114
278,2019-10-08 20:19:38,2019-10-09 00:16:38,E75,FALSE,321,197
279,2020-04-14 12:54:54,2020-04-14 15:06:54,A15,TRUE,M88,177
280,2018-08-21 22:04:48,2018-08-22 03:11:48,A6,FALSE,M87,178
281,2019-04-17 17:59:11,2019-04-17 19:43:11,C36,FALSE,AT7,250
282,2019-03-23 22:39:03,2019-03-24 01:45:03,A8,FALSE,737,191
283,2019-08-25 23:01:50,2019-08-26 00:16:50,A7,FALSE,31N,138
284,2018-12-20 22:29:58,2018-12-21 01:34:58,A18,FALSE,ND2,69
285,2019-04-26 21:42:11,2019-04-27 02:40:11,C37,FALSE,732,96
286,2019-02-01 13:31:41,2019-02-01 17:35:41,A4,FALSE,32N,190
287,2019-11-07 12:06:15,2019-11-07 13:58:15,C39,TRUE,727,71
288,2019-06-05 15:35:56,2019-06-05 17:25:56,F88,TRUE,338,84
289,2019-08-18 06:00:04,2019-08-18 11:38:04,F87,TRUE,E75,36
290,2018-08-02 11:02:05,2018-08-02 16:10:05,F80,TRUE,345,63
291,2019-08-18 04:29:18,2019-08-18 07:45:18,F87,TRUE,M90,3
292,2018-04-26 20:35:25,2018-04-26 22:34:25,F80,TRUE,757,120
293,2018-04-17 05:54:17,2018-04-17 08:40:17,A7,TRUE,330,108
294,2018-07-06 01:52:47,2018-07-06 03:22:47,A6,FALSE,M82,259
295,2018-06-21 16:51:20,2018-06-21 20:57:20,E73,TRUE,721,93
296,2018-09-20 13:24:29,2018-09-20 18:07:29,C40,TRUE,ND2,92
297,2019-11-09 20:33:01,2019-11-10 00:00:01,F77,TRUE,M88,224
298,2018-08-02 12:58:32,2018-08-02 15:11:32,F83,TRUE,E95,36
299,2019-10-15 20:40:40,2019-10-16 01:56:40,E70,TRUE,737,172
300,2019-02-15 16:27:34,2019-02-15 19:15:34,F88,FALSE,NDC,15
301,2018-10-06 13:13:19,2018-10-06 17:43:19,E70,TRUE,E90,177
302,2018-12-24 07:37:12,2018-12-24 09:34:12,C36,FALSE,319,110
303,2020-04-02 18:39:15,2020-04-02 22:24:15,E67,TRUE,M88,257
304,2018-12-15 13:50:58,2018-12-15 15:31:58,E62,FALSE,343,186
305,2019-07-22 12:17:40,2019-07-22 15:03:40,C33,TRUE,AT7,168
306,2019-11-27 06:23:20,2019-11-27 10:52:20,E64,FALSE,342,102
307,2018-07-05 20:42:58,2018-07-06 02:29:58,F86,TRUE,332,60
308,2019-10-28 13:27:53,2019-10-28 17:20:53,F86,FALSE,E75,110
309,2020-04-07 01:35:43,2020-04-07 04:16:43,C30,TRUE,AT5,78
310,2018-12-26 19:28:31,2018-12-27 00:21:31,A14,TRUE,AT7,158
311,2018-11-17 03:45:42,2018-11-17 08:57:42,C35,TRUE,343,176
312,2019-11-20 06:07:31,2019-11-20 11:31:31,F88,TRUE,ATR,79
313,2018-09-08 17:00:26,2018-09-08 21:10:26,A8,TRUE,332,85
314,2018-12-25 06:24:36,2018-12-25 09:21:36,C30,TRUE,727,60
315,2018-07-12 16:31:34,2018-07-12 18:14:34,A17,TRUE,E90,251
316,2018-12-08 04:06:43,2018-12-08 05:42:43,C38,TRUE,FRJ,242
317,2018-09-29 07:07:08,2018-09-29 10:15:08,E71,TRUE,738,46
318,2018-07-06 23:23:42,2018-07-07 04:04:42,A13,FALSE,777,120
319,2018-10-24 10:32:18,2018-10-24 14:50:18,C45,TRUE,757,236
320,2018-07-11 20:56:39,2018-07-12 02:36:39,E66,TRUE,32N,247
321,2019-06-12 11:30:42,2019-06-12 16:02:42,C40,TRUE,338,241
322,2018-07-15 19:16:22,2018-07-15 22:57:22,A3,FALSE,735,250
323,2020-03-13 21:00:35,2020-03-13 22:04:35,C42,FALSE,767,239
324,2020-01-29 07:07:44,2020-01-29 08:16:44,E75,TRUE,747,275
325,2019-09-23 11:28:05,2019-09-23 15:50:05,A10,FALSE,732,117
326,2019-07-04 01:06:02,2019-07-04 04:08:02,A13,TRUE,717,251
327,2019-02-23 07:28:29,2019-02-23 13:06:29,E71,FALSE,321,142
328,2019-03-28 00:17:56,2019-03-28 05:55:56,F87,TRUE,757,38
329,2018-12-28 19:35:51,2018-12-29 00:29:51,F88,TRUE,E70,113
330,2019-02-03 05:35:31,2019-02-03 10:33:31,A12,TRUE,747,221
331,2018-08-08 16:32:01,2018-08-08 22:26:01,E75,TRUE,787,150
332,2019-04-02 08:52:27,2019-04-02 10:10:27,A12,FALSE,342,7
333,2020-03-20 01:09:22,2020-03-20 03:45:22,C44,TRUE,735,95
334,2019-04-25 07:34:05,2019-04-25 12:29:05,F85,TRUE,330,89
335,2019-07-24 13:22:35,2019-07-24 18:48:35,C40,TRUE,321,242
336,2019-08-08 18:40:32,2019-08-09 00:34:32,A13,FALSE,340,244
337,2019-04-26 10:19:21,2019-04-26 14:21:21,E73,FALSE,722,217
338,2019-02-14 12:12:56,2019-02-14 16:52:56,E69,TRUE,32N,158
339,2018-06-10 00:31:11,2018-06-10 01:39:11,C32,FALSE,722,270
340,2019-05-23 11:24:18,2019-05-23 13:25:18,A16,FALSE,NDC,26
341,2019-05-26 05:57:00,2019-05-26 09:26:00,C31,FALSE,346,117
342,2019-09-18 01:41:45,2019-09-18 04:40:45,C33,TRUE,NDC,267
343,2020-04-01 00:26:48,2020-04-01 03:17:48,E64,FALSE,318,98
344,2019-06-13 14:20:10,2019-06-13 18:33:10,A15,FALSE,ATR,122
345,2018-09-24 19:25:12,2018-09-24 23:08:12,A16,FALSE,345,182
346,2018-09-15 22:10:17,2018-09-16 00:25:17,C37,FALSE,757,1
347,2020-01-29 10:08:06,2020-01-29 15:10:06,A7,TRUE,M90,31
348,2018-12-02 08:56:05,2018-12-02 12:57:05,E66,TRUE,31N,227
349,2019-11-10 22:15:56,2019-11-10 23:39:56,A8,FALSE,ND2,34
350,2018-06-11 03:03:50,2018-06-11 08:23:50,C38,TRUE,AT7,265
351,2018-11-28 11:34:48,2018-11-28 15:35:48,C32,TRUE,333,161
352,2019-09-12 17:04:58,2019-09-12 20:47:58,C42,TRUE,319,56
353,2018-06-11 16:50:46,2018-06-11 18:26:46,C35,FALSE,343,111
354,2019-02-16 21:32:22,2019-02-16 22:43:22,A17,FALSE,321,183
355,2019-10-16 22:57:02,2019-10-17 04:27:02,E66,FALSE,ATR,66
356,2018-05-13 19:25:24,2018-05-13 21:30:24,F82,TRUE,AT7,8
357,2018-12-14 15:36:11,2018-12-14 17:01:11,C38,TRUE,AT7,53
358,2018-06-13 05:29:37,2018-06-13 09:09:37,E74,TRUE,M82,127
359,2019-10-10 16:53:55,2019-10-10 21:15:55,E64,TRUE,AT5,226
360,2019-07-24 03:56:57,2019-07-24 07:50:57,C39,FALSE,73G,220
361,2020-02-08 03:49:33,2020-02-08 05:50:33,F88,TRUE,AT5,71
362,2018-05-29 06:03:24,2018-05-29 07:21:24,E74,TRUE,AT4,226
363,2019-04-03 20:01:53,2019-04-03 21:46:53,E70,TRUE,AB3,273
364,2018-06-17 20:08:47,2018-06-18 00:06:47,F85,TRUE,346,102
365,2019-05-17 13:16:39,2019-05-17 14:51:39,E65,FALSE,342,35
366,2018-10-16 22:03:53,2018-10-16 23:04:53,C35,FALSE,735,70
367,2020-03-25 17:16:39,2020-03-25 21:52:39,F77,FALSE,M90,8
368,2018-09-16 15:45:18,2018-09-16 17:54:18,F82,FALSE,310,129
369,2020-02-24 18:39:45,2020-02-24 21:52:45,F78,FALSE,319,272
370,2019-09-11 23:01:43,2019-09-12 01:55:43,E73,TRUE,333,176
371,2018-05-07 18:00:56,2018-05-07 23:56:56,F87,TRUE,757,181
372,2020-02-26 01:45:14,2020-02-26 07:00:14,F81,TRUE,340,7
373,2019-10-21 05:44:09,2019-10-21 10:25:09,C35,TRUE,722,135
374,2020-01-11 11:22:11,2020-01-11 16:02:11,C30,TRUE,338,189
375,2019-05-12 22:35:05,2019-05-13 00:43:05,F88,FALSE,777,214
376,2019-10-05 01:47:47,2019-10-05 07:06:47,E64,TRUE,ND2,55
377,2019-09-13 14:06:49,2019-09-13 16:22:49,E71,TRUE,727,147
378,2018-07-18 23:50:03,2018-07-19 01:09:03,F81,TRUE,380,132
379,2018-11-30 12:26:12,2018-11-30 14:08:12,A18,FALSE,CRV,37
380,2018-10-02 20:30:14,2018-10-03 01:22:14,E68,TRUE,E95,84
381,2019-04-19 01:01:35,2019-04-19 05:09:35,F80,FALSE,777,46
382,2019-11-06 14:57:51,2019-11-06 18:16:51,E65,FALSE,777,152
383,2018-11-18 14:25:38,2018-11-18 16:35:38,F80,TRUE,722,166
384,2020-04-04 07:23:26,2020-04-04 10:16:26,C45,TRUE,E95,149
385,2019-01-30 10:43:24,2019-01-30 15:37:24,C44,TRUE,318,113
386,2019-02-04 14:48:03,2019-02-04 18:39:03,F83,FALSE,732,169
387,2018-11-22 18:15:01,2018-11-22 22:17:01,C32,TRUE,FRJ,51
388,2019-04-27 23:19:32,2019-04-28 05:08:32,E68,TRUE,ATR,147
389,2018-06-11 03:04:33,2018-06-11 04:39:33,E62,TRUE,M83,197
390,2018-08-24 07:23:53,2018-08-24 12:18:53,A15,FALSE,319,170
391,2019-11-15 23:52:23,2019-11-16 05:11:23,F87,FALSE,32Q,54
392,2018-08-11 23:24:30,2018-08-12 02:59:30,F85,TRUE,M90,73
393,2019-05-10 11:14:17,2019-05-10 12:17:17,E71,FALSE,732,245
394,2019-01-09 20:25:17,2019-01-09 21:55:17,C38,FALSE,721,69
395,2018-05-30 05:14:21,2018-05-30 09:37:21,C35,FALSE,E95,232
396,2018-10-22 20:45:24,2018-10-22 22:44:24,A6,TRUE,D8L,214
397,2018-07-14 21:31:03,2018-07-15 00:35:03,E71,FALSE,M81,234
398,2019-08-06 15:14:03,2019-08-06 19:04:03,F80,FALSE,E70,255
399,2020-03-03 01:15:17,2020-03-03 03:25:17,E71,FALSE,320,36
400,2018-07-15 18:47:11,2018-07-15 21:12:11,F87,FALSE,CRV,96
401,2018-10-26 13:45:13,2018-10-26 15:20:13,F80,TRUE,73G,109
402,2018-07-30 11:57:12,2018-07-30 14:07:12,C42,FALSE,32N,119
403,2019-07-24 07:05:11,2019-07-24 11:49:11,F80,FALSE,343,170
404,2019-11-13 00:21:55,2019-11-13 05:39:55,F81,TRUE,D95,165
405,2019-08-17 08:28:23,2019-08-17 12:04:23,C38,TRUE,73G,179
406,2019-09-12 10:44:51,2019-09-12 13:34:51,E69,TRUE,M90,21
407,2019-01-24 21:42:21,2019-01-24 23:10:21,A8,FALSE,717,220
408,2019-01-23 04:43:10,2019-01-23 09:33:10,E67,TRUE,343,175
409,2019-06-30 02:42:06,2019-06-30 04:49:06,C30,FALSE,E90,268
410,2018-08-20 03:53:09,2018-08-20 08:46:09,F85,TRUE,717,150
411,2019-08-30 10:01:35,2019-08-30 15:34:35,A12,TRUE,M90,235
412,2019-02-22 17:51:53,2019-02-22 20:42:53,C38,TRUE,318,240
413,2018-10-18 01:34:20,2018-10-18 06:00:20,C43,FALSE,M87,244
414,2018-11-23 07:53:29,2018-11-23 12:21:29,A1,TRUE,NDC,169
415,2020-02-16 02:45:51,2020-02-16 08:03:51,F78,FALSE,332,114
416,2019-08-13 05:39:59,2019-08-13 07:52:59,F81,TRUE,737,131
417,2020-03-30 13:51:02,2020-03-30 15:01:02,A18,FALSE,D95,239
418,2020-03-20 19:48:01,2020-03-20 23:09:01,E66,FALSE,721,167
419,2018-11-24 14:00:58,2018-11-24 15:58:58,E69,TRUE,727,234
420,2018-06-30 23:34:27,2018-07-01 04:52:27,F79,FALSE,NDC,196
421,2018-10-24 23:23:07,2018-10-25 03:55:07,A10,TRUE,73G,276
422,2019-08-23 16:03:07,2019-08-23 19:49:07,F87,FALSE,32N,167
423,2019-01-11 11:54:42,2019-01-11 15:13:42,F84,TRUE,350,244
424,2019-01-24 22:11:53,2019-01-25 02:06:53,F81,TRUE,E95,112
425,2018-12-15 23:04:19,2018-12-16 03:28:19,C33,FALSE,M88,205
426,2018-10-15 17:01:40,2018-10-15 18:46:40,F87,FALSE,321,34
427,2018-11-07 16:01:18,2018-11-07 18:48:18,F88,FALSE,747,196
428,2019-09-17 08:53:46,2019-09-17 10:49:46,F83,TRUE,M87,190
429,2019-07-14 03:51:47,2019-07-14 09:10:47,F81,TRUE,AT4,168
430,2019-08-10 03:51:44,2019-08-10 06:37:44,F89,FALSE,318,221
431,2018-06-18 04:50:02,2018-06-18 07:12:02,F79,FALSE,M90,148
432,2019-11-06 19:54:40,2019-11-07 00:58:40,C38,FALSE,73G,91
433,2018-07-03 21:28:54,2018-07-03 22:45:54,C43,TRUE,330,171
434,2018-09-18 01:40:47,2018-09-18 03:46:47,E65,TRUE,734,29
435,2019-06-29 22:27:35,2019-06-30 03:32:35,F84,FALSE,346,214
436,2019-09-04 04:29:28,2019-09-04 07:30:28,F78,FALSE,345,80
437,2019-05-11 17:31:42,2019-05-11 18:51:42,E68,TRUE,345,179
438,2018-06-29 04:26:51,2018-06-29 07:45:51,F89,FALSE,M90,199
439,2019-11-27 10:24:53,2019-11-27 15:42:53,F84,TRUE,310,86
440,2018-07-31 22:25:25,2018-08-01 03:02:25,C34,TRUE,73G,2
441,2019-08-24 21:03:50,2019-08-25 02:15:50,F77,FALSE,AB3,159
442,2019-01-16 10:12:51,2019-01-16 12:16:51,F78,FALSE,E70,198
443,2019-02-04 20:27:12,2019-02-04 22:38:12,E62,TRUE,E95,59
444,2019-04-28 10:21:36,2019-04-28 13:59:36,C44,FALSE,737,226
445,2019-01-12 01:20:45,2019-01-12 05:32:45,A1,FALSE,342,148
446,2019-01-10 21:31:24,2019-01-11 00:16:24,E65,FALSE,332,146
447,2019-12-11 07:35:28,2019-12-11 10:01:28,E62,TRUE,739,115
448,2018-12-17 01:17:47,2018-12-17 04:02:47,C44,TRUE,M83,65
449,2020-01-23 14:37:13,2020-01-23 20:11:13,E69,TRUE,E95,99
450,2018-09-13 07:05:13,2018-09-13 11:20:13,C42,TRUE,345,15
451,2019-02-21 15:11:28,2019-02-21 20:25:28,C36,TRUE,ATR,98
452,2018-07-17 05:21:18,2018-07-17 09:58:18,F84,FALSE,E75,183
453,2019-10-17 19:05:59,2019-10-18 00:45:59,C42,TRUE,M81,126
454,2019-12-22 15:39:49,2019-12-22 17:02:49,F80,TRUE,734,11
455,2020-01-23 11:01:33,2020-01-23 16:31:33,A6,TRUE,AT4,99
456,2019-12-18 17:45:58,2019-12-18 21:41:58,E65,FALSE,32N,77
457,2019-04-20 07:39:21,2019-04-20 11:47:21,A8,TRUE,727,168
458,2019-06-23 00:50:02,2019-06-23 05:21:02,F80,FALSE,767,177
459,2018-11-26 07:39:59,2018-11-26 10:14:59,A17,FALSE,73G,49
460,2018-07-26 23:31:07,2018-07-27 03:12:07,C38,TRUE,721,186
461,2019-04-28 07:01:58,2019-04-28 10:15:58,C41,TRUE,340,135
462,2018-08-03 02:34:45,2018-08-03 05:13:45,A17,FALSE,737,250
463,2018-10-12 22:04:54,2018-10-13 00:41:54,C34,FALSE,332,55
464,2018-05-14 17:09:19,2018-05-14 18:44:19,A14,TRUE,777,43
465,2018-07-02 05:25:25,2018-07-02 09:31:25,E65,TRUE,737,33
466,2018-06-06 20:19:03,2018-06-07 01:23:03,F77,TRUE,319,34
467,2019-05-09 05:43:47,2019-05-09 07:49:47,C39,FALSE,747,80
468,2018-10-04 02:25:25,2018-10-04 07:47:25,A5,TRUE,733,198
469,2020-01-06 18:24:35,2020-01-07 00:08:35,A10,TRUE,M90,70
470,2019-03-02 17:47:53,2019-03-02 21:39:53,C40,FALSE,31N,86
471,2018-08-22 05:34:11,2018-08-22 09:43:11,E74,TRUE,732,149
472,2019-04-14 15:20:51,2019-04-14 17:25:51,C36,TRUE,M87,137
473,2018-07-31 13:23:13,2018-07-31 18:47:13,E69,TRUE,ATR,59
474,2019-04-15 09:08:06,2019-04-15 13:02:06,E67,FALSE,318,112
475,2018-09-17 19:29:16,2018-09-18 00:45:16,C31,FALSE,AT4,181
476,2019-09-07 02:24:07,2019-09-07 07:29:07,C39,FALSE,727,132
477,2018-06-25 14:07:15,2018-06-25 20:01:15,C35,FALSE,318,227
478,2018-10-04 02:23:39,2018-10-04 04:19:39,C31,FALSE,747,56
479,2020-02-08 04:08:27,2020-02-08 09:33:27,F87,TRUE,ND2,240
480,2019-09-20 21:01:58,2019-09-21 02:50:58,F79,TRUE,318,141
481,2018-12-07 15:26:14,2018-12-07 20:10:14,F85,FALSE,757,177
482,2019-10-09 08:47:09,2019-10-09 14:08:09,C34,FALSE,310,18
483,2018-08-18 02:31:25,2018-08-18 05:20:25,A7,TRUE,333,48
484,2020-03-28 17:42:07,2020-03-28 22:36:07,C37,FALSE,717,38
485,2019-06-22 10:58:09,2019-06-22 12:55:09,E73,TRUE,787,61
486,2019-08-12 16:00:11,2019-08-12 17:34:11,E65,TRUE,345,59
487,2018-09-23 05:31:28,2018-09-23 08:57:28,A7,TRUE,319,200
488,2018-12-07 18:53:52,2018-12-08 00:30:52,C40,FALSE,734,221
489,2018-08-20 12:26:05,2018-08-20 13:56:05,E70,FALSE,AT4,264
490,2019-10-16 05:13:24,2019-10-16 06:33:24,C40,TRUE,345,143
491,2019-07-29 22:19:29,2019-07-30 03:56:29,A9,FALSE,AT7,143
492,2019-08-07 02:22:32,2019-08-07 04:26:32,E75,TRUE,310,181
493,2018-11-26 07:56:11,2018-11-26 12:10:11,E62,FALSE,M83,237
494,2018-06-19 17:58:03,2018-06-19 19:12:03,A17,TRUE,350,26
495,2020-01-01 03:27:01,2020-01-01 07:52:01,F78,FALSE,747,74
496,2019-02-16 16:10:54,2019-02-16 19:47:54,A16,FALSE,736,185
497,2019-07-09 09:51:12,2019-07-09 15:42:12,C39,TRUE,777,133
498,2019-10-23 09:11:55,2019-10-23 11:20:55,F90,TRUE,NDC,27
499,2020-04-04 03:25:23,2020-04-04 08:58:23,C32,TRUE,AB3,137
500,2019-03-24 05:33:20,2019-03-24 09:06:20,E62,TRUE,757,39
501,2018-09-23 16:42:51,2018-09-23 21:21:51,C31,FALSE,D95,112
502,2020-04-05 04:01:03,2020-04-05 08:35:03,E67,TRUE,757,189
503,2018-07-02 07:32:30,2018-07-02 13:17:30,E65,TRUE,330,243
504,2018-05-14 09:07:18,2018-05-14 14:44:18,F84,TRUE,NDC,190
505,2018-12-27 09:25:26,2018-12-27 11:03:26,A7,TRUE,340,271
506,2019-12-04 05:39:20,2019-12-04 10:01:20,C38,FALSE,AT4,164
507,2018-10-29 23:29:12,2018-10-30 04:38:12,F81,TRUE,380,126
508,2018-11-29 02:32:56,2018-11-29 04:39:56,F78,FALSE,733,186
509,2019-12-23 21:18:40,2019-12-23 22:41:40,A14,TRUE,733,1
510,2018-09-28 12:56:44,2018-09-28 14:05:44,C42,FALSE,338,64
511,2019-04-29 10:18:28,2019-04-29 14:45:28,C42,FALSE,NDC,14
512,2018-12-20 21:45:04,2018-12-21 03:13:04,F78,TRUE,E90,196
513,2018-04-16 18:13:36,2018-04-16 23:52:36,F88,FALSE,ATR,45
514,2018-10-02 21:24:08,2018-10-03 02:33:08,C39,FALSE,737,164
515,2019-12-11 13:36:24,2019-12-11 15:40:24,F84,TRUE,M81,114
516,2018-08-23 10:47:01,2018-08-23 15:49:01,A8,FALSE,747,128
517,2018-06-26 16:05:28,2018-06-26 21:18:28,E74,FALSE,320,216
518,2019-08-04 10:47:57,2019-08-04 15:56:57,C32,TRUE,AT5,39
519,2018-10-05 14:32:04,2018-10-05 19:43:04,C41,TRUE,737,272
520,2019-09-21 05:49:19,2019-09-21 09:43:19,A13,TRUE,350,271
521,2018-08-09 19:15:55,2018-08-09 22:35:55,F82,FALSE,32Q,160
522,2018-06-17 17:54:51,2018-06-17 22:49:51,E66,TRUE,343,142
523,2019-05-26 02:19:18,2019-05-26 04:59:18,A1,FALSE,NDC,45
524,2019-10-02 13:03:09,2019-10-02 18:05:09,E67,TRUE,343,67
525,2018-12-06 23:22:06,2018-12-07 04:31:06,C33,TRUE,E95,126
526,2019-09-05 21:13:37,2019-09-06 03:02:37,C38,FALSE,732,195
527,2020-01-30 00:36:04,2020-01-30 02:21:04,F86,FALSE,787,186
528,2019-07-27 17:17:13,2019-07-27 21:30:13,C40,FALSE,M81,211
529,2019-06-15 01:48:58,2019-06-15 03:10:58,C43,TRUE,M87,261
530,2020-02-29 11:27:49,2020-02-29 12:36:49,A18,FALSE,CRV,72
531,2019-01-17 14:13:42,2019-01-17 18:18:42,F80,TRUE,346,88
532,2019-09-05 07:10:12,2019-09-05 08:11:12,C42,TRUE,73G,234
533,2019-07-09 10:37:58,2019-07-09 14:02:58,C44,FALSE,M88,74
534,2019-01-24 02:08:02,2019-01-24 03:14:02,E71,TRUE,32N,75
535,2018-12-31 20:24:09,2018-12-31 23:13:09,C43,FALSE,727,251
536,2019-03-07 04:37:20,2019-03-07 06:22:20,E70,TRUE,ATR,59
537,2020-03-01 05:05:54,2020-03-01 10:15:54,F87,TRUE,721,182
538,2019-01-18 16:39:57,2019-01-18 18:11:57,A4,TRUE,722,83
539,2020-01-29 21:37:58,2020-01-30 02:51:58,A15,TRUE,31N,57
540,2018-11-20 23:40:01,2018-11-21 03:46:01,C42,TRUE,321,181
541,2019-08-18 17:00:53,2019-08-18 20:06:53,E64,FALSE,AT4,116
542,2018-06-06 01:25:23,2018-06-06 02:52:23,E69,TRUE,320,139
543,2019-12-07 09:52:27,2019-12-07 14:14:27,E70,TRUE,319,29
544,2020-03-11 07:28:10,2020-03-11 09:19:10,C32,FALSE,FRJ,166
545,2019-06-13 17:14:57,2019-06-13 19:57:57,E73,TRUE,NDC,158
546,2020-04-02 03:14:46,2020-04-02 05:47:46,C39,FALSE,320,195
547,2019-05-21 07:41:49,2019-05-21 09:49:49,E69,FALSE,721,44
548,2018-04-24 11:39:11,2018-04-24 15:01:11,A7,TRUE,733,214
549,2019-06-11 18:45:35,2019-06-11 22:16:35,C40,TRUE,32N,151
550,2018-10-24 06:51:35,2018-10-24 09:56:35,C40,TRUE,73G,261
551,2019-06-14 09:14:43,2019-06-14 14:56:43,E64,TRUE,M88,70
552,2018-10-29 19:16:05,2018-10-30 00:57:05,C41,TRUE,346,231
553,2019-06-03 09:52:09,2019-06-03 12:07:09,E71,FALSE,345,132
554,2019-05-22 16:48:35,2019-05-22 18:09:35,F80,TRUE,733,236
555,2019-07-11 00:50:07,2019-07-11 02:37:07,F77,TRUE,318,169
556,2019-01-27 10:36:55,2019-01-27 11:42:55,A9,TRUE,D95,71
557,2019-06-04 22:22:00,2019-06-05 00:48:00,C40,FALSE,E90,157
558,2018-08-31 09:14:18,2018-08-31 14:01:18,A18,FALSE,732,46
559,2019-09-18 04:10:22,2019-09-18 07:56:22,A8,FALSE,E75,186
560,2018-06-30 00:50:21,2018-06-30 01:53:21,F87,FALSE,735,268
561,2019-11-24 01:05:23,2019-11-24 02:34:23,C43,TRUE,787,256
562,2018-07-13 23:08:47,2018-07-14 01:27:47,E71,FALSE,342,13
563,2020-02-05 21:43:15,2020-02-06 02:19:15,C39,TRUE,346,251
564,2020-02-28 13:21:55,2020-02-28 18:32:55,E62,TRUE,321,162
565,2019-10-03 10:41:21,2019-10-03 11:57:21,C32,TRUE,D8L,27
566,2019-01-14 11:44:41,2019-01-14 14:38:41,E74,TRUE,310,205
567,2018-12-31 06:12:08,2018-12-31 07:48:08,E69,TRUE,318,156
568,2019-09-24 11:08:55,2019-09-24 16:17:55,C33,FALSE,ND2,110
569,2018-06-29 16:55:41,2018-06-29 19:49:41,E75,FALSE,32Q,180
570,2019-04-29 04:49:48,2019-04-29 06:45:48,E75,TRUE,345,138
571,2018-05-16 00:35:29,2018-05-16 06:03:29,E73,TRUE,AT4,182
572,2019-08-01 06:51:04,2019-08-01 08:07:04,A9,TRUE,ATR,187
573,2019-02-06 18:35:45,2019-02-06 19:39:45,C38,FALSE,734,113
574,2018-11-11 22:25:17,2018-11-12 02:39:17,A9,TRUE,M83,56
575,2018-08-30 11:27:01,2018-08-30 15:31:01,F80,FALSE,340,177
576,2020-01-09 15:32:13,2020-01-09 21:04:13,C43,FALSE,AT5,262
577,2019-09-07 05:02:55,2019-09-07 08:08:55,A4,TRUE,717,258
578,2020-01-06 03:26:42,2020-01-06 06:49:42,E68,FALSE,AB3,163
579,2018-11-08 16:04:28,2018-11-08 18:00:28,C36,FALSE,747,239
580,2019-08-17 12:24:18,2019-08-17 14:02:18,C32,FALSE,M83,122
581,2020-02-13 12:36:37,2020-02-13 14:00:37,A9,FALSE,777,200
582,2018-05-30 07:04:19,2018-05-30 10:03:19,C33,FALSE,NDC,139
583,2018-08-17 21:24:22,2018-08-17 22:47:22,E75,TRUE,AT5,4
584,2019-04-09 07:49:41,2019-04-09 11:41:41,C37,FALSE,727,139
585,2018-11-15 04:09:25,2018-11-15 09:54:25,A13,FALSE,D95,227
586,2020-02-01 11:45:07,2020-02-01 13:15:07,A7,TRUE,350,103
587,2019-12-18 11:08:25,2019-12-18 16:24:25,C42,TRUE,721,41
588,2019-04-24 21:47:11,2019-04-25 02:12:11,A1,FALSE,767,26
589,2018-06-26 18:36:43,2018-06-26 22:45:43,C35,FALSE,320,53
590,2018-08-19 02:33:18,2018-08-19 03:34:18,A3,FALSE,734,71
591,2019-06-25 06:16:22,2019-06-25 08:52:22,E65,TRUE,32N,255
592,2019-12-29 05:45:23,2019-12-29 09:55:23,F83,FALSE,310,93
593,2019-09-23 17:47:04,2019-09-23 20:30:04,F89,TRUE,721,141
594,2020-04-13 21:26:02,2020-04-14 01:28:02,C37,FALSE,M82,88
595,2018-11-18 12:29:44,2018-11-18 15:26:44,A9,FALSE,721,223
596,2019-11-25 12:17:18,2019-11-25 17:15:18,A7,FALSE,FRJ,27
597,2019-11-09 10:00:42,2019-11-09 15:22:42,F85,FALSE,AB3,226
598,2019-03-14 21:30:28,2019-03-15 00:04:28,C36,FALSE,736,190
599,2018-04-22 13:40:19,2018-04-22 15:57:19,F86,TRUE,343,127
600,2019-02-05 10:22:44,2019-02-05 13:45:44,E71,TRUE,722,89
601,2018-04-16 17:24:36,2018-04-16 22:47:36,C45,TRUE,727,214
602,2019-07-30 07:58:26,2019-07-30 10:34:26,A15,TRUE,D8L,47
603,2018-08-15 15:49:49,2018-08-15 20:34:49,F89,FALSE,M88,163
604,2020-02-09 12:29:56,2020-02-09 14:03:56,C36,FALSE,NDC,271
605,2018-12-30 08:13:02,2018-12-30 11:41:02,C34,FALSE,380,123
606,2018-07-12 05:58:30,2018-07-12 11:47:30,C32,TRUE,M90,4
607,2018-12-22 08:55:42,2018-12-22 12:01:42,F89,TRUE,736,158
608,2019-09-12 16:11:53,2019-09-12 21:55:53,F81,TRUE,320,132
609,2019-08-20 14:16:02,2019-08-20 15:58:02,F90,TRUE,318,105
610,2019-12-13 11:42:00,2019-12-13 15:22:00,E72,FALSE,AT4,74
611,2019-08-08 05:11:02,2019-08-08 08:17:02,E72,TRUE,727,272
612,2019-12-16 11:46:31,2019-12-16 14:42:31,C43,TRUE,M88,224
613,2018-05-10 01:35:11,2018-05-10 04:56:11,A12,FALSE,M83,51
614,2020-01-26 11:55:38,2020-01-26 16:23:38,A14,FALSE,734,182
615,2019-03-26 23:22:45,2019-03-27 05:05:45,C42,TRUE,AT4,68
616,2019-01-06 23:04:19,2019-01-07 04:28:19,C33,FALSE,346,133
617,2018-04-19 23:48:24,2018-04-20 01:42:24,F87,TRUE,732,6
618,2020-01-12 19:50:14,2020-01-12 23:13:14,E71,TRUE,320,61
619,2020-04-04 04:22:06,2020-04-04 09:56:06,C33,TRUE,AT4,211
620,2019-03-03 03:13:55,2019-03-03 08:04:55,C45,TRUE,767,184
621,2018-04-14 22:04:28,2018-04-15 00:26:28,A8,TRUE,D95,58
622,2018-07-09 02:08:06,2018-07-09 06:15:06,C42,FALSE,AT4,226
623,2018-06-02 16:28:31,2018-06-02 19:53:31,A9,TRUE,777,68
624,2018-07-07 19:08:59,2018-07-07 22:29:59,E68,TRUE,345,183
625,2018-05-31 15:18:47,2018-05-31 17:37:47,A8,TRUE,350,252
626,2020-04-11 23:45:27,2020-04-12 05:00:27,F86,TRUE,D8L,179
627,2020-01-17 20:46:31,2020-01-17 22:04:31,A15,TRUE,AT7,119
628,2019-12-02 23:11:16,2019-12-03 01:26:16,E71,TRUE,321,11
629,2018-08-29 03:58:11,2018-08-29 09:55:11,C42,TRUE,D8L,148
630,2019-10-30 09:30:33,2019-10-30 11:16:33,F78,TRUE,310,84
631,2019-03-23 22:00:59,2019-03-24 01:44:59,A13,FALSE,739,140
632,2019-08-30 16:05:01,2019-08-30 17:06:01,F78,TRUE,321,45
633,2018-08-11 08:04:27,2018-08-11 13:43:27,A13,TRUE,73G,7
634,2019-10-14 05:44:45,2019-10-14 10:08:45,E64,FALSE,340,81
635,2019-06-23 20:11:29,2019-06-23 22:45:29,E62,TRUE,AB3,217
636,2019-02-09 04:09:11,2019-02-09 07:35:11,A7,TRUE,736,20
637,2019-01-25 16:54:32,2019-01-25 22:49:32,E70,TRUE,777,205
638,2018-10-11 04:46:09,2018-10-11 07:31:09,A1,FALSE,31N,42
639,2018-07-22 09:08:19,2018-07-22 14:11:19,F86,FALSE,NDC,88
640,2018-07-16 17:15:32,2018-07-16 19:27:32,C42,TRUE,732,180
641,2019-12-26 07:25:08,2019-12-26 09:18:08,E66,FALSE,721,258
642,2018-08-27 04:20:57,2018-08-27 08:23:57,F85,TRUE,32N,36
643,2019-12-02 09:36:16,2019-12-02 11:16:16,F89,FALSE,E95,139
644,2019-02-02 12:24:04,2019-02-02 17:17:04,C44,FALSE,M90,63
645,2019-06-18 11:09:04,2019-06-18 16:52:04,F81,TRUE,NDC,57
646,2019-08-22 09:38:03,2019-08-22 12:44:03,F86,FALSE,E75,21
647,2019-06-16 22:16:51,2019-06-17 00:02:51,E74,TRUE,E75,122
648,2019-11-18 16:13:43,2019-11-18 21:48:43,E64,TRUE,E70,170
649,2020-01-28 12:12:03,2020-01-28 14:31:03,C43,FALSE,73G,45
650,2018-12-27 02:09:30,2018-12-27 03:43:30,F87,FALSE,D8L,272
651,2018-05-19 16:41:13,2018-05-19 19:59:13,F86,TRUE,320,2
652,2019-10-28 16:38:11,2019-10-28 19:03:11,F87,TRUE,321,108
653,2018-05-27 10:54:52,2018-05-27 13:32:52,A10,FALSE,310,89
654,2018-04-20 19:01:26,2018-04-20 22:46:26,C32,TRUE,736,256
655,2018-10-12 20:48:10,2018-10-12 22:23:10,E66,TRUE,M83,191
656,2018-04-19 13:15:48,2018-04-19 18:13:48,F83,TRUE,AB3,141
657,2020-04-08 05:00:55,2020-04-08 08:27:55,A17,FALSE,M81,101
658,2019-12-10 10:17:16,2019-12-10 12:07:16,F77,TRUE,767,19
659,2019-01-04 13:48:02,2019-01-04 18:43:02,A6,FALSE,737,145
660,2019-05-17 21:42:32,2019-05-18 01:55:32,C34,FALSE,722,129
661,2020-03-04 14:07:53,2020-03-04 19:42:53,A1,TRUE,M81,69
662,2019-07-25 16:56:42,2019-07-25 22:07:42,C35,TRUE,721,90
663,2018-09-11 14:41:43,2018-09-11 18:55:43,E69,FALSE,E70,17
664,2018-08-24 15:19:02,2018-08-24 17:44:02,C36,TRUE,AB3,212
665,2019-06-23 09:13:57,2019-06-23 12:30:57,E64,TRUE,757,69
666,2019-03-01 05:13:11,2019-03-01 08:14:11,F81,TRUE,E75,120
667,2019-05-01 11:19:25,2019-05-01 14:31:25,F79,FALSE,M82,76
668,2018-05-26 16:47:16,2018-05-26 19:36:16,E71,TRUE,319,7
669,2019-06-29 21:02:01,2019-06-29 22:08:01,E75,FALSE,M90,97
670,2018-07-05 16:55:19,2018-07-05 18:18:19,E67,TRUE,M88,153
671,2019-05-29 21:07:28,2019-05-30 02:49:28,C30,TRUE,M87,119
672,2020-04-16 07:20:42,2020-04-16 13:19:42,A13,FALSE,757,32
673,2020-02-08 19:18:34,2020-02-08 21:55:34,C34,TRUE,340,77
674,2019-10-29 23:11:53,2019-10-30 00:16:53,C33,TRUE,M83,222
675,2018-07-29 08:03:13,2018-07-29 12:01:13,A11,TRUE,AT4,128
676,2019-09-20 09:32:44,2019-09-20 12:20:44,A14,TRUE,AT4,23
677,2019-03-07 21:58:04,2019-03-08 01:42:04,C37,FALSE,AT4,191
678,2018-07-28 00:37:42,2018-07-28 06:29:42,C38,TRUE,E90,194
679,2019-12-10 22:46:24,2019-12-11 02:37:24,C43,TRUE,AB3,244
680,2018-11-10 20:01:37,2018-11-10 23:23:37,E64,FALSE,E75,41
681,2019-04-20 15:16:17,2019-04-20 17:18:17,A6,TRUE,D8L,54
682,2019-09-20 22:41:21,2019-09-21 03:37:21,C42,FALSE,M82,5
683,2019-09-02 05:12:39,2019-09-02 08:16:39,A13,FALSE,32N,42
684,2018-12-15 07:21:53,2018-12-15 09:34:53,C33,TRUE,777,61
685,2018-09-29 14:13:59,2018-09-29 17:38:59,E69,FALSE,FRJ,196
686,2019-10-04 06:19:44,2019-10-04 08:03:44,C32,FALSE,E90,52
687,2018-05-29 12:40:07,2018-05-29 14:06:07,A8,TRUE,333,118
688,2019-11-28 06:48:22,2019-11-28 08:20:22,C44,FALSE,319,37
689,2019-03-28 07:43:55,2019-03-28 10:06:55,C42,TRUE,31N,124
690,2020-03-18 06:29:42,2020-03-18 10:24:42,C43,TRUE,787,123
691,2018-12-19 05:49:29,2018-12-19 06:59:29,C40,TRUE,735,242
692,2019-06-25 02:03:03,2019-06-25 05:32:03,E70,TRUE,343,269
693,2019-12-09 10:57:02,2019-12-09 16:04:02,A17,FALSE,318,85
694,2019-05-02 19:43:15,2019-05-02 21:13:15,F84,TRUE,32Q,85
695,2019-12-14 18:02:34,2019-12-14 19:46:34,A1,TRUE,32N,59
696,2019-10-19 08:08:05,2019-10-19 13:35:05,E74,FALSE,M81,68
697,2019-08-26 23:07:25,2019-08-27 03:56:25,C40,TRUE,767,151
698,2018-12-16 22:50:32,2018-12-17 03:55:32,F81,FALSE,M82,31
699,2019-10-31 06:05:22,2019-10-31 12:04:22,A13,FALSE,739,262
700,2019-10-15 08:02:28,2019-10-15 11:27:28,F83,TRUE,777,32
701,2018-08-08 07:52:08,2018-08-08 09:36:08,A3,TRUE,350,179
702,2019-04-23 22:30:21,2019-04-24 00:24:21,C33,FALSE,E75,70
703,2018-06-09 01:16:36,2018-06-09 05:00:36,C36,FALSE,717,123
704,2019-10-29 23:22:53,2019-10-30 03:37:53,E71,FALSE,AB3,20
705,2019-06-16 18:26:49,2019-06-16 19:29:49,A18,FALSE,767,208
706,2019-02-14 22:35:34,2019-02-15 01:49:34,A12,FALSE,380,132
707,2018-07-26 18:38:01,2018-07-26 19:45:01,A10,TRUE,342,33
708,2018-12-04 22:33:15,2018-12-05 00:51:15,F81,TRUE,321,162
709,2019-12-07 04:51:21,2019-12-07 10:10:21,A7,TRUE,727,123
710,2019-09-12 22:21:58,2019-09-13 00:42:58,F88,TRUE,73G,35
711,2019-09-09 15:50:08,2019-09-09 18:55:08,C37,FALSE,333,185
712,2020-01-03 05:19:12,2020-01-03 10:27:12,A18,FALSE,747,64
713,2019-05-18 02:43:14,2019-05-18 04:42:14,E65,FALSE,AB3,169
714,2019-07-18 12:10:51,2019-07-18 15:57:51,A3,FALSE,73G,85
715,2018-10-05 19:09:14,2018-10-05 23:42:14,A8,FALSE,318,177
716,2018-11-29 20:34:14,2018-11-29 23:36:14,A13,FALSE,E95,129
717,2019-05-29 08:43:37,2019-05-29 12:53:37,E62,TRUE,787,127
718,2020-04-10 02:30:33,2020-04-10 06:02:33,E69,FALSE,346,40
719,2018-11-21 11:04:27,2018-11-21 16:49:27,F79,TRUE,734,75
720,2020-02-07 12:42:07,2020-02-07 16:31:07,C32,FALSE,739,155
721,2019-04-09 06:06:29,2019-04-09 10:52:29,F77,FALSE,346,192
722,2018-04-19 03:04:03,2018-04-19 05:13:03,A8,FALSE,M88,48
723,2018-08-30 19:11:27,2018-08-30 21:47:27,A15,FALSE,M81,22
724,2019-05-19 17:51:19,2019-05-19 21:49:19,A1,TRUE,734,220
725,2020-03-21 04:21:41,2020-03-21 06:23:41,F83,TRUE,E90,54
726,2019-04-02 15:09:08,2019-04-02 17:50:08,E70,TRUE,735,8
727,2019-10-09 16:00:00,2019-10-09 20:20:00,F80,FALSE,721,22
728,2018-08-22 16:45:36,2018-08-22 18:35:36,A1,FALSE,343,231
729,2018-12-07 13:02:58,2018-12-07 15:56:58,F78,FALSE,AT7,257
730,2019-01-15 00:47:34,2019-01-15 02:19:34,A1,FALSE,767,208
731,2019-08-27 21:24:42,2019-08-28 02:09:42,F86,FALSE,AT7,219
732,2018-06-13 08:35:06,2018-06-13 11:57:06,F80,TRUE,332,164
733,2019-12-08 11:44:59,2019-12-08 13:10:59,C43,FALSE,319,257
734,2020-04-03 05:00:55,2020-04-03 09:13:55,F87,TRUE,721,138
735,2018-06-04 02:23:48,2018-06-04 07:14:48,A18,FALSE,M81,206
736,2019-04-13 06:19:00,2019-04-13 11:14:00,C34,TRUE,321,190
737,2019-11-01 23:11:08,2019-11-02 05:08:08,E69,TRUE,CRV,29
738,2019-01-23 05:34:54,2019-01-23 11:20:54,C45,FALSE,734,113
739,2020-01-12 23:48:13,2020-01-13 05:15:13,F85,FALSE,380,62
740,2019-10-01 01:15:51,2019-10-01 04:32:51,F86,TRUE,722,133
741,2019-02-06 16:23:10,2019-02-06 21:24:10,A16,TRUE,E70,185
742,2018-08-26 06:18:24,2018-08-26 10:51:24,A16,FALSE,D8L,208
743,2019-12-19 13:36:47,2019-12-19 15:30:47,E64,TRUE,32Q,88
744,2018-12-23 07:01:31,2018-12-23 09:53:31,F80,FALSE,31N,131
745,2018-10-27 09:03:37,2018-10-27 11:47:37,F82,TRUE,733,98
746,2019-11-08 11:36:36,2019-11-08 15:40:36,C36,FALSE,CRV,153
747,2018-07-14 20:10:47,2018-07-14 23:42:47,A6,TRUE,727,164
748,2019-04-03 14:05:23,2019-04-03 19:23:23,E71,FALSE,318,35
749,2018-08-19 05:04:59,2018-08-19 06:26:59,E69,FALSE,320,226
750,2018-08-28 05:34:07,2018-08-28 07:33:07,C40,FALSE,31N,122
751,2019-12-13 20:33:19,2019-12-14 00:34:19,C42,FALSE,M82,186
752,2018-10-21 02:46:01,2018-10-21 05:24:01,A13,TRUE,31N,104
753,2018-08-12 05:36:44,2018-08-12 09:19:44,C38,TRUE,735,170
754,2018-05-12 03:34:46,2018-05-12 05:40:46,A14,TRUE,310,230
755,2019-01-17 17:39:43,2019-01-17 20:25:43,F84,FALSE,747,271
756,2018-06-03 06:08:45,2018-06-03 09:39:45,E74,TRUE,M81,46
757,2018-07-07 14:33:05,2018-07-07 17:46:05,A5,TRUE,M88,186
758,2019-05-13 00:49:29,2019-05-13 02:04:29,E72,TRUE,32N,117
759,2019-01-05 06:48:52,2019-01-05 09:33:52,C37,FALSE,321,137
760,2018-11-21 17:40:02,2018-11-21 22:44:02,A17,FALSE,FRJ,199
761,2019-11-30 02:59:18,2019-11-30 04:15:18,C33,FALSE,342,141
762,2019-09-03 21:47:53,2019-09-04 02:06:53,A16,FALSE,717,174
763,2018-11-14 16:11:17,2018-11-14 19:09:17,C41,TRUE,ND2,16
764,2019-07-21 02:09:03,2019-07-21 07:55:03,F78,TRUE,E90,181
765,2018-11-19 02:38:47,2018-11-19 07:17:47,C32,FALSE,M87,161
766,2018-07-23 09:23:32,2018-07-23 13:12:32,E71,FALSE,345,192
767,2018-10-17 17:16:51,2018-10-17 21:33:51,F88,FALSE,M83,51
768,2018-07-09 22:24:46,2018-07-10 00:16:46,C43,TRUE,31N,197
769,2019-09-02 18:52:11,2019-09-02 22:31:11,A5,FALSE,M82,208
770,2020-01-25 06:30:41,2020-01-25 09:48:41,C41,FALSE,739,20
771,2019-03-08 11:41:16,2019-03-08 14:48:16,A8,FALSE,717,23
772,2018-07-22 23:30:24,2018-07-23 00:59:24,A17,FALSE,721,171
773,2019-05-17 11:05:00,2019-05-17 14:25:00,E69,TRUE,FRJ,188
774,2019-11-13 05:50:56,2019-11-13 09:19:56,C36,TRUE,E70,200
775,2019-07-09 10:06:31,2019-07-09 11:24:31,A18,TRUE,736,41
776,2019-11-28 07:56:58,2019-11-28 13:24:58,C34,TRUE,342,79
777,2018-08-16 02:12:58,2018-08-16 04:26:58,E62,TRUE,721,154
778,2019-02-01 22:35:16,2019-02-02 01:03:16,F81,TRUE,722,14
779,2018-09-13 13:38:38,2018-09-13 15:57:38,C44,TRUE,310,247
780,2018-08-20 05:42:40,2018-08-20 07:31:40,C30,FALSE,M81,98
781,2018-07-19 14:01:13,2018-07-19 16:14:13,F80,FALSE,73G,255
782,2018-10-26 18:29:21,2018-10-26 21:22:21,E72,TRUE,737,65
783,2019-02-03 07:15:55,2019-02-03 09:56:55,A1,TRUE,318,8
784,2019-11-06 15:39:40,2019-11-06 17:47:40,C31,FALSE,E70,166
785,2019-07-15 10:31:04,2019-07-15 14:10:04,F86,TRUE,D8L,65
786,2018-08-11 08:38:05,2018-08-11 11:23:05,F86,TRUE,73G,122
787,2018-11-09 17:57:52,2018-11-09 19:27:52,F86,FALSE,CRV,265
788,2018-04-23 13:33:12,2018-04-23 15:02:12,E70,TRUE,M90,59
789,2018-10-17 13:35:20,2018-10-17 16:11:20,E70,FALSE,333,244
790,2019-03-10 10:02:09,2019-03-10 15:46:09,A13,TRUE,717,206
791,2019-02-21 13:12:36,2019-02-21 14:16:36,C36,TRUE,734,175
792,2019-07-10 09:13:23,2019-07-10 13:40:23,A15,TRUE,ND2,107
793,2019-05-10 05:41:52,2019-05-10 09:21:52,F86,TRUE,345,206
794,2018-09-10 11:01:18,2018-09-10 16:08:18,C32,TRUE,320,116
795,2020-01-25 23:24:41,2020-01-26 01:39:41,F85,TRUE,E75,70
796,2018-08-06 21:12:06,2018-08-06 23:15:06,F77,FALSE,M87,222
797,2019-04-05 06:14:22,2019-04-05 10:28:22,C44,TRUE,32N,270
798,2018-11-17 17:17:53,2018-11-17 22:05:53,E74,FALSE,ATR,38
799,2019-01-19 21:22:39,2019-01-20 00:49:39,F77,FALSE,ATR,252
800,2020-01-12 17:54:40,2020-01-12 21:21:40,A7,FALSE,ATR,51
801,2018-05-27 05:30:43,2018-05-27 10:07:43,A6,TRUE,M87,211
802,2019-12-11 04:43:32,2019-12-11 10:12:32,C34,TRUE,738,198
803,2019-10-07 12:55:02,2019-10-07 17:34:02,F87,TRUE,737,52
804,2019-05-14 10:59:34,2019-05-14 13:58:34,C37,FALSE,FRJ,225
805,2018-08-12 07:42:13,2018-08-12 10:53:13,C40,FALSE,333,39
806,2018-08-22 11:07:20,2018-08-22 15:01:20,C35,FALSE,D95,118
807,2018-11-16 20:25:56,2018-11-16 23:36:56,E71,FALSE,ND2,173
808,2019-07-06 16:29:31,2019-07-06 21:16:31,E64,FALSE,343,141
809,2018-12-28 04:58:29,2018-12-28 06:34:29,E62,TRUE,340,234
810,2019-10-29 03:47:21,2019-10-29 07:53:21,F88,TRUE,32Q,223
811,2019-09-25 10:25:38,2019-09-25 13:40:38,F82,FALSE,732,139
812,2019-10-19 04:17:08,2019-10-19 06:09:08,E66,FALSE,32N,91
813,2018-10-14 17:54:19,2018-10-14 19:28:19,C44,TRUE,318,50
814,2019-06-17 09:42:25,2019-06-17 14:18:25,C36,FALSE,FRJ,235
815,2019-08-15 20:53:44,2019-08-16 00:09:44,F87,FALSE,AB3,170
816,2020-03-28 03:35:35,2020-03-28 05:24:35,A4,TRUE,732,148
817,2018-04-15 04:49:42,2018-04-15 07:04:42,A8,FALSE,NDC,106
818,2020-02-17 19:15:03,2020-02-18 00:46:03,A18,FALSE,722,221
819,2019-08-31 12:10:31,2019-08-31 14:53:31,F84,TRUE,ND2,245
820,2019-03-15 18:21:51,2019-03-15 19:40:51,C43,TRUE,D8L,259
821,2018-06-05 02:02:48,2018-06-05 04:47:48,C39,FALSE,330,56
822,2020-02-08 06:30:11,2020-02-08 10:02:11,A6,FALSE,32N,247
823,2019-06-09 21:25:04,2019-06-10 00:54:04,A14,TRUE,738,84
824,2020-04-03 13:00:17,2020-04-03 17:26:17,C42,TRUE,757,104
825,2019-04-02 02:39:39,2019-04-02 06:04:39,A12,TRUE,M83,188
826,2018-11-08 11:15:18,2018-11-08 16:08:18,F79,TRUE,787,117
827,2019-09-17 02:57:36,2019-09-17 06:43:36,C45,TRUE,757,56
828,2019-12-23 11:27:51,2019-12-23 15:25:51,A15,TRUE,310,170
829,2018-11-12 18:18:45,2018-11-12 23:12:45,A1,FALSE,73G,242
830,2019-11-11 19:02:56,2019-11-11 21:16:56,A1,TRUE,346,8
831,2020-03-07 06:19:14,2020-03-07 07:29:14,F85,TRUE,342,5
832,2018-06-07 21:11:13,2018-06-08 00:04:13,C34,FALSE,738,124
833,2019-11-26 19:06:59,2019-11-26 22:14:59,E68,TRUE,AT5,258
834,2019-02-23 17:08:34,2019-02-23 21:37:34,F78,FALSE,721,41
835,2020-03-01 07:50:04,2020-03-01 12:03:04,F81,TRUE,338,4
836,2020-04-14 04:59:46,2020-04-14 06:34:46,A8,TRUE,787,117
837,2020-01-17 10:41:02,2020-01-17 15:29:02,F81,FALSE,340,38
838,2018-11-09 03:15:39,2018-11-09 08:57:39,A15,TRUE,722,232
839,2019-03-04 11:31:07,2019-03-04 13:17:07,F86,TRUE,757,87
840,2018-05-22 22:47:14,2018-05-23 02:06:14,A5,TRUE,AT4,117
841,2018-04-29 19:28:19,2018-04-29 21:38:19,F87,TRUE,AT7,84
842,2018-05-13 05:26:15,2018-05-13 07:01:15,C43,TRUE,767,260
843,2020-02-20 13:09:26,2020-02-20 18:52:26,F84,TRUE,D8L,9
844,2018-11-28 20:42:06,2018-11-28 23:24:06,E64,TRUE,345,234
845,2019-02-22 15:54:50,2019-02-22 18:13:50,A18,FALSE,721,94
846,2019-01-17 16:30:53,2019-01-17 20:13:53,C42,FALSE,722,170
847,2018-04-21 09:01:12,2018-04-21 14:26:12,E75,TRUE,AT7,117
848,2018-12-15 16:50:26,2018-12-15 18:08:26,F85,TRUE,31N,80
849,2019-03-25 23:32:19,2019-03-26 04:15:19,E73,TRUE,E95,140
850,2018-07-18 17:52:23,2018-07-18 19:15:23,C35,FALSE,350,233
851,2019-01-09 12:02:56,2019-01-09 13:57:56,F77,TRUE,732,260
852,2018-08-06 08:18:27,2018-08-06 12:50:27,F87,FALSE,722,181
853,2018-07-09 21:50:13,2018-07-09 22:54:13,A16,FALSE,737,96
854,2018-11-04 13:58:45,2018-11-04 16:35:45,A4,TRUE,338,42
855,2019-10-17 16:34:41,2019-10-17 20:25:41,E69,FALSE,787,194
856,2020-04-07 23:59:18,2020-04-08 02:13:18,C34,FALSE,737,78
857,2018-07-01 11:09:09,2018-07-01 13:50:09,E72,TRUE,737,179
858,2019-06-12 17:21:30,2019-06-12 21:38:30,F81,TRUE,31N,157
859,2018-12-14 02:19:54,2018-12-14 07:44:54,C35,TRUE,727,150
860,2019-08-20 03:05:59,2019-08-20 08:27:59,C32,TRUE,M88,186
861,2019-02-04 22:39:11,2019-02-05 02:41:11,A8,FALSE,722,107
862,2019-12-28 14:23:49,2019-12-28 20:10:49,C32,FALSE,E70,140
863,2020-03-21 13:02:11,2020-03-21 15:16:11,A16,FALSE,73G,223
864,2020-04-07 11:21:24,2020-04-07 15:33:24,C45,TRUE,738,144
865,2019-02-28 12:36:21,2019-02-28 13:52:21,C30,TRUE,ND2,164
866,2018-10-27 00:42:56,2018-10-27 04:24:56,F84,TRUE,319,24
867,2018-10-26 02:45:43,2018-10-26 08:41:43,C42,TRUE,321,95
868,2018-08-19 13:32:49,2018-08-19 15:23:49,E75,TRUE,AB3,190
869,2018-09-26 18:36:47,2018-09-26 21:17:47,E69,TRUE,M90,32
870,2019-05-17 06:50:14,2019-05-17 12:32:14,C39,TRUE,CRV,112
871,2019-04-13 06:56:19,2019-04-13 10:25:19,F80,FALSE,350,275
872,2018-11-01 19:43:42,2018-11-01 21:42:42,C34,FALSE,E95,182
873,2018-12-08 18:32:23,2018-12-08 20:06:23,A5,FALSE,332,185
874,2019-09-13 16:48:04,2019-09-13 18:03:04,A12,TRUE,722,208
875,2018-08-27 05:18:53,2018-08-27 07:51:53,A13,FALSE,AT7,250
876,2018-08-31 20:07:03,2018-08-31 22:41:03,A8,TRUE,320,64
877,2019-09-05 05:31:04,2019-09-05 07:21:04,A1,FALSE,320,89
878,2019-01-10 15:27:54,2019-01-10 20:02:54,A5,TRUE,732,133
879,2019-10-08 06:25:43,2019-10-08 12:18:43,C37,FALSE,M83,172
880,2018-06-06 05:02:08,2018-06-06 06:09:08,A4,FALSE,AT4,72
881,2019-11-09 17:15:13,2019-11-09 18:47:13,C39,FALSE,E95,170
882,2019-05-02 11:31:13,2019-05-02 12:48:13,A10,TRUE,777,6
883,2019-06-05 12:18:04,2019-06-05 13:42:04,A4,TRUE,733,20
884,2018-06-30 06:21:15,2018-06-30 10:16:15,A11,FALSE,FRJ,202
885,2018-10-08 04:42:02,2018-10-08 08:34:02,A3,TRUE,320,140
886,2019-04-14 14:45:48,2019-04-14 19:49:48,E70,FALSE,NDC,197
887,2020-02-12 08:29:36,2020-02-12 09:39:36,A15,FALSE,321,3
888,2019-03-22 12:30:19,2019-03-22 13:54:19,A4,FALSE,732,6
889,2020-02-27 10:33:02,2020-02-27 12:58:02,E71,TRUE,342,268
890,2018-07-15 23:24:52,2018-07-16 01:04:52,F86,TRUE,717,218
891,2018-05-25 05:42:39,2018-05-25 08:01:39,C31,TRUE,E95,61
892,2019-04-20 03:57:28,2019-04-20 08:59:28,F80,TRUE,732,157
893,2018-07-23 10:35:51,2018-07-23 14:37:51,F83,FALSE,AT7,231
894,2020-03-02 08:43:41,2020-03-02 12:22:41,A13,TRUE,320,274
895,2018-06-16 04:06:36,2018-06-16 09:48:36,F84,FALSE,M90,256
896,2019-05-26 11:53:44,2019-05-26 14:58:44,A13,FALSE,AT4,72
897,2019-06-10 20:22:12,2019-06-10 22:42:12,C45,FALSE,738,20
898,2019-01-23 02:25:43,2019-01-23 04:56:43,A1,TRUE,767,173
899,2019-02-14 06:55:48,2019-02-14 08:14:48,E75,FALSE,321,265
900,2018-11-19 10:14:50,2018-11-19 14:35:50,C30,FALSE,767,198
901,2018-10-15 15:57:15,2018-10-15 17:43:15,A15,TRUE,321,138
902,2019-09-03 17:51:50,2019-09-03 20:27:50,A6,FALSE,AT4,87
903,2019-08-23 13:45:27,2019-08-23 18:39:27,C42,FALSE,M81,122
904,2019-11-11 15:42:43,2019-11-11 19:54:43,A10,FALSE,73G,51
905,2019-09-25 17:35:20,2019-09-25 18:51:20,A4,FALSE,31N,126
906,2019-01-13 18:55:47,2019-01-14 00:40:47,E69,TRUE,E75,1
907,2018-04-20 10:13:30,2018-04-20 11:33:30,A3,TRUE,E95,29
908,2019-02-28 16:24:51,2019-02-28 22:12:51,F82,FALSE,NDC,8
909,2019-05-10 01:31:49,2019-05-10 03:48:49,E66,TRUE,734,34
910,2020-04-06 22:02:54,2020-04-07 02:49:54,C43,TRUE,M82,180
911,2018-05-27 23:11:21,2018-05-28 04:10:21,E75,TRUE,M87,149
912,2019-04-14 11:45:08,2019-04-14 15:40:08,C44,TRUE,CRV,249
913,2018-09-25 10:23:02,2018-09-25 14:35:02,C40,FALSE,346,19
914,2020-03-25 13:54:11,2020-03-25 17:32:11,A15,FALSE,AB3,237
915,2018-06-06 15:19:24,2018-06-06 18:47:24,F80,TRUE,722,271
916,2019-08-21 20:18:02,2019-08-22 00:56:02,A4,FALSE,D95,248
917,2019-04-22 03:35:52,2019-04-22 07:00:52,C41,FALSE,AB3,122
918,2019-09-05 01:39:36,2019-09-05 04:12:36,E62,FALSE,340,255
919,2019-11-19 15:12:45,2019-11-19 17:22:45,E75,TRUE,727,73
920,2018-11-29 17:25:30,2018-11-29 20:30:30,E75,TRUE,343,106
921,2019-06-18 18:06:06,2019-06-18 22:53:06,E72,FALSE,340,261
922,2018-11-28 22:54:10,2018-11-29 01:50:10,C39,FALSE,330,1
923,2019-09-18 15:48:22,2019-09-18 18:53:22,E68,TRUE,717,227
924,2018-05-28 09:52:12,2018-05-28 13:30:12,F84,FALSE,343,154
925,2020-03-14 12:55:34,2020-03-14 16:54:34,C45,TRUE,E95,142
926,2018-10-01 04:58:51,2018-10-01 09:45:51,A3,TRUE,AB3,266
927,2019-11-28 03:44:34,2019-11-28 08:03:34,F79,FALSE,FRJ,91
928,2018-05-12 19:17:37,2018-05-13 00:51:37,C32,FALSE,73G,260
929,2019-04-13 15:56:09,2019-04-13 21:28:09,E69,TRUE,319,251
930,2018-08-01 11:12:52,2018-08-01 12:13:52,F90,TRUE,380,239
931,2019-02-23 09:48:49,2019-02-23 11:33:49,F85,TRUE,E90,154
932,2018-09-21 15:06:40,2018-09-21 18:51:40,C43,FALSE,342,181
933,2018-12-04 22:51:52,2018-12-05 02:48:52,C34,TRUE,D8L,202
934,2018-12-19 02:38:12,2018-12-19 04:11:12,A15,FALSE,320,222
935,2019-09-25 06:20:01,2019-09-25 11:50:01,F77,FALSE,D95,247
936,2019-04-21 23:52:37,2019-04-22 02:53:37,E73,TRUE,342,157
937,2019-11-30 15:41:43,2019-11-30 21:00:43,C32,FALSE,787,149
938,2018-11-14 00:45:44,2018-11-14 06:40:44,A8,TRUE,ND2,2
939,2019-03-12 07:44:18,2019-03-12 12:05:18,C44,TRUE,M87,161
940,2019-08-28 15:00:33,2019-08-28 19:11:33,F81,TRUE,73G,5
941,2019-04-23 00:36:45,2019-04-23 05:47:45,E69,FALSE,787,247
942,2018-06-23 00:35:18,2018-06-23 05:57:18,F85,FALSE,ND2,126
943,2019-10-15 10:15:30,2019-10-15 15:09:30,F85,TRUE,31N,120
944,2019-12-22 18:44:22,2019-12-22 20:26:22,A18,TRUE,ATR,177
945,2020-02-17 20:21:31,2020-02-17 21:53:31,E69,FALSE,734,54
946,2018-08-16 07:18:04,2018-08-16 09:00:04,C31,TRUE,757,83
947,2018-08-29 03:21:13,2018-08-29 08:46:13,E68,FALSE,M81,197
948,2018-05-25 02:31:23,2018-05-25 07:22:23,E65,FALSE,321,87
949,2019-11-03 17:06:51,2019-11-03 22:41:51,C37,FALSE,319,22
950,2019-10-01 04:42:05,2019-10-01 09:47:05,C43,TRUE,732,132
951,2019-08-30 01:03:22,2019-08-30 06:16:22,A18,TRUE,M82,41
952,2018-12-04 05:44:51,2018-12-04 08:30:51,C37,FALSE,735,152
953,2018-11-10 14:15:13,2018-11-10 15:35:13,C31,FALSE,330,101
954,2019-11-28 21:04:21,2019-11-29 01:35:21,A6,TRUE,319,38
955,2019-06-26 09:45:54,2019-06-26 13:39:54,E69,TRUE,M83,262
956,2019-06-10 04:40:22,2019-06-10 09:55:22,C40,FALSE,777,8
957,2019-11-28 17:15:31,2019-11-28 22:13:31,A3,FALSE,E90,177
958,2018-07-11 05:38:47,2018-07-11 07:16:47,F77,TRUE,32Q,165
959,2018-11-04 12:34:15,2018-11-04 15:08:15,A17,TRUE,343,270
960,2020-04-10 14:10:57,2020-04-10 15:15:57,C39,FALSE,346,41
961,2019-05-04 09:10:20,2019-05-04 11:41:20,C35,FALSE,342,254
962,2019-05-07 09:45:46,2019-05-07 14:09:46,A12,TRUE,320,87
963,2019-11-18 05:04:13,2019-11-18 06:19:13,A3,FALSE,ATR,156
964,2019-06-02 14:03:31,2019-06-02 19:49:31,E66,TRUE,739,63
965,2018-11-19 12:08:36,2018-11-19 16:18:36,C33,TRUE,333,179
966,2018-12-25 15:39:14,2018-12-25 17:15:14,C45,FALSE,350,81
967,2019-05-21 09:37:34,2019-05-21 11:40:34,C42,FALSE,321,178
968,2018-11-03 06:34:57,2018-11-03 10:10:57,C33,TRUE,CRV,46
969,2019-04-08 05:31:22,2019-04-08 08:18:22,E68,FALSE,M88,263
970,2019-05-05 19:50:01,2019-05-06 01:00:01,F86,FALSE,ND2,144
971,2018-12-27 13:56:37,2018-12-27 16:34:37,E65,TRUE,737,97
972,2020-02-23 07:53:06,2020-02-23 13:06:06,A3,FALSE,777,156
973,2019-01-17 09:38:08,2019-01-17 15:09:08,E62,TRUE,AB3,210
974,2018-11-09 22:31:52,2018-11-09 23:43:52,C43,TRUE,AB3,94
975,2019-02-12 06:19:16,2019-02-12 07:29:16,A3,FALSE,AT5,61
976,2018-08-11 10:31:51,2018-08-11 13:29:51,A13,TRUE,333,160
977,2020-01-20 23:58:53,2020-01-21 02:25:53,C38,TRUE,767,206
978,2019-04-02 01:47:18,2019-04-02 06:51:18,C39,FALSE,350,226
979,2019-04-30 03:14:24,2019-04-30 08:59:24,C45,FALSE,757,52
980,2018-09-26 21:49:57,2018-09-27 01:39:57,A10,TRUE,M81,241
981,2020-03-30 05:56:52,2020-03-30 06:57:52,A8,FALSE,735,126
982,2018-04-28 16:49:58,2018-04-28 22:17:58,A14,FALSE,757,29
983,2018-05-15 15:55:32,2018-05-15 18:48:32,F81,TRUE,E90,261
984,2018-09-15 13:18:34,2018-09-15 16:49:34,C34,FALSE,318,11
985,2019-11-27 14:16:35,2019-11-27 15:49:35,F86,FALSE,737,265
986,2019-02-21 01:34:06,2019-02-21 06:11:06,F88,FALSE,733,173
987,2019-08-13 01:58:41,2019-08-13 07:39:41,C42,FALSE,787,16
988,2018-10-21 16:36:49,2018-10-21 18:14:49,C44,FALSE,739,267
989,2019-07-13 01:25:19,2019-07-13 03:02:19,E71,TRUE,ND2,223
990,2018-04-16 23:35:45,2018-04-17 02:21:45,A4,TRUE,717,138
991,2018-12-02 10:04:00,2018-12-02 15:49:00,C38,TRUE,739,54
992,2019-05-09 17:52:10,2019-05-09 22:23:10,C42,FALSE,NDC,239
993,2019-06-07 02:41:13,2019-06-07 08:26:13,F88,FALSE,NDC,220
994,2019-10-30 17:07:49,2019-10-30 18:22:49,C30,FALSE,AT4,150
995,2018-05-22 19:33:20,2018-05-22 23:48:20,E68,TRUE,757,176
996,2018-07-15 03:23:26,2018-07-15 05:43:26,E67,FALSE,346,266
997,2019-09-26 06:43:53,2019-09-26 08:09:53,F86,TRUE,340,101
998,2018-10-08 01:32:08,2018-10-08 06:39:08,F87,TRUE,717,105
999,2019-03-26 17:23:46,2019-03-26 21:29:46,C31,FALSE,380,50
1000,2019-05-11 14:38:14,2019-05-11 16:47:14,F83,FALSE,342,238